37.6179837,114.8476298,260.14,DSC00015.JPG
37.6180173,114.8467445,259.86,DSC00016.JPG
37.6180615,114.8458614,259.81,DSC00017.JPG
37.6180896,114.8449751,260.2,DSC00018.JPG
37.6180999,114.8440874,259.73,DSC00019.JPG
37.618125,114.843202,260.01,DSC00020.JPG
37.6181436,114.8423165,260.17,DSC00021.JPG
37.6181648,114.8414286,260.02,DSC00022.JPG
37.6181856,114.8405426,260.1,DSC00023.JPG
37.6182001,114.8396544,260.12,DSC00024.JPG
37.6182223,114.83877,260.17,DSC00025.JPG
37.6168503,114.8391067,259.76,DSC00026.JPG
37.6168254,114.8399928,259.86,DSC00027.JPG
37.6168063,114.8408807,259.44,DSC00028.JPG
37.6167877,114.8417665,260.65,DSC00029.JPG
37.6167649,114.8426527,260.06,DSC00030.JPG
37.6167516,114.8435386,259.98,DSC00031.JPG
37.6167423,114.8444261,260.2,DSC00032.JPG
37.6167194,114.8453149,259.79,DSC00033.JPG
37.6166972,114.846201,260.05,DSC00034.JPG
37.6166761,114.8470867,260.07,DSC00035.JPG
37.6166598,114.8479747,260.08,DSC00036.JPG
37.6152936,114.8474391,259.9,DSC00037.JPG
37.6153211,114.8465552,260.08,DSC00038.JPG
37.6153536,114.8456713,260.06,DSC00039.JPG
37.6153818,114.8447846,259.88,DSC00040.JPG
37.6154012,114.8438976,260.16,DSC00041.JPG
37.615419,114.8430101,260.24,DSC00042.JPG
37.6154433,114.8421238,260.73,DSC00043.JPG
37.6154627,114.8412361,260.23,DSC00044.JPG
37.6154725,114.8403482,259.81,DSC00045.JPG
37.6155039,114.8394609,259.75,DSC00046.JPG
37.6155279,114.8385755,259.92,DSC00047.JPG
37.6141456,114.838952,259.83,DSC00048.JPG
37.6141239,114.8398397,259.98,DSC00049.JPG
37.6141044,114.8407285,260.01,DSC00050.JPG
37.6140856,114.8416148,259.95,DSC00051.JPG
37.6140678,114.8425013,259.87,DSC00052.JPG
37.6140542,114.8433873,259.77,DSC00053.JPG
37.6140336,114.8442756,260.16,DSC00054.JPG
37.6140148,114.8451606,260.06,DSC00055.JPG
37.6139975,114.8460471,260,DSC00056.JPG
37.6235088,114.8294808,260.08,DSC00057.JPG
37.6242081,114.82958,259.83,DSC00058.JPG
37.6249079,114.8296579,259.93,DSC00059.JPG
37.625609,114.8297177,260.02,DSC00060.JPG
37.6263109,114.8297686,259.95,DSC00061.JPG
37.6270112,114.8298229,260.44,DSC00062.JPG
37.6277104,114.8298827,259.95,DSC00063.JPG
37.6284123,114.8299484,259.98,DSC00064.JPG
37.6291151,114.8300006,260,DSC00065.JPG
37.6298174,114.830063,260.17,DSC00066.JPG
37.6305176,114.8301197,259.77,DSC00067.JPG
37.631218,114.8301755,259.73,DSC00068.JPG
37.6310744,114.8283892,259.58,DSC00069.JPG
37.6303751,114.8283178,259.8,DSC00070.JPG
37.6296751,114.8282764,260.22,DSC00071.JPG
37.628974,114.8282298,259.89,DSC00072.JPG
37.6282713,114.828177,259.91,DSC00073.JPG
37.6275718,114.8281242,259.89,DSC00074.JPG
37.626869,114.8280767,259.78,DSC00075.JPG
37.6261688,114.8280281,259.89,DSC00076.JPG
37.6254669,114.827972,260.2,DSC00077.JPG
37.624766,114.8279172,260.12,DSC00078.JPG
37.6240637,114.8278608,260.19,DSC00079.JPG
37.6233639,114.8278077,259.8,DSC00080.JPG
37.6234999,114.8260796,260.14,DSC00081.JPG
37.6241989,114.8261511,260.21,DSC00082.JPG
37.6248988,114.826235,259.89,DSC00083.JPG
37.6255978,114.8262967,260.07,DSC00084.JPG
37.6262999,114.8263472,260.12,DSC00085.JPG
37.627,114.8264005,260.16,DSC00086.JPG
37.6276999,114.8264522,259.96,DSC00087.JPG
37.6284,114.8265127,259.51,DSC00088.JPG
37.6291,114.8265686,259.81,DSC00089.JPG
37.6298023,114.8266207,260.21,DSC00090.JPG
37.6305044,114.8266811,260.23,DSC00091.JPG
37.6312054,114.8267433,259.87,DSC00092.JPG
37.6319078,114.8268036,260.25,DSC00093.JPG
37.6326106,114.8268613,259.68,DSC00094.JPG
37.6333116,114.8269117,260.14,DSC00095.JPG
37.6340139,114.8269704,259.95,DSC00096.JPG
37.6347148,114.8270185,259.85,DSC00097.JPG
37.6354159,114.8270757,259.99,DSC00098.JPG
37.6356222,114.8253823,259.62,DSC00099.JPG
37.6349223,114.8253028,260.36,DSC00100.JPG
37.6342221,114.8252661,259.84,DSC00101.JPG
37.6335192,114.8252165,259.72,DSC00102.JPG
37.6328193,114.8251623,259.77,DSC00103.JPG
37.6321181,114.8251065,260.18,DSC00104.JPG
37.6314182,114.8250558,259.81,DSC00105.JPG
37.6307176,114.8249952,259.78,DSC00106.JPG
37.6300158,114.8249391,260.06,DSC00107.JPG
37.6293144,114.8248869,260.28,DSC00108.JPG
37.6286137,114.8248303,260.01,DSC00109.JPG
37.6279134,114.8247783,260.01,DSC00110.JPG
37.6272133,114.8247162,259.88,DSC00111.JPG
37.6265125,114.824663,260.31,DSC00112.JPG
37.6258115,114.8246088,260.12,DSC00113.JPG
37.6251097,114.824548,259.81,DSC00114.JPG
37.6244082,114.8244929,259.9,DSC00115.JPG
37.6237089,114.8244336,259.91,DSC00116.JPG
37.6236565,114.8226928,259.98,DSC00117.JPG
37.6243565,114.8227524,260.3,DSC00118.JPG
37.625056,114.822832,260.29,DSC00119.JPG
37.6257574,114.8228946,260,DSC00120.JPG
37.6264586,114.8229459,259.92,DSC00121.JPG
37.6271612,114.8230005,260.25,DSC00122.JPG
37.6278634,114.8230684,260.54,DSC00123.JPG
37.6285655,114.8231274,259.72,DSC00124.JPG
37.6292661,114.8231806,260.19,DSC00125.JPG
37.6299681,114.8232308,259.63,DSC00126.JPG
37.6306699,114.8232899,259.86,DSC00127.JPG
37.6313725,114.8233471,259.92,DSC00128.JPG
37.6320737,114.8234036,260.15,DSC00129.JPG
37.6327759,114.8234655,260.27,DSC00130.JPG
37.6334766,114.8235172,259.85,DSC00131.JPG
37.6341762,114.823577,259.61,DSC00132.JPG
37.6348781,114.8236329,260.13,DSC00133.JPG
37.6355785,114.8236899,260.23,DSC00134.JPG
37.6362813,114.8237422,260.04,DSC00135.JPG
37.6369816,114.8238208,259.78,DSC00136.JPG
37.6376812,114.8239154,259.95,DSC00137.JPG
37.6383806,114.8240027,260.14,DSC00138.JPG
37.6390809,114.8240886,259.87,DSC00139.JPG
37.6397814,114.8241737,259.87,DSC00140.JPG
37.6404797,114.8242562,260.17,DSC00141.JPG
37.6411795,114.8243377,260.03,DSC00142.JPG
37.6418785,114.8244296,259.64,DSC00143.JPG
37.6425766,114.8245106,259.82,DSC00144.JPG
37.6432753,114.8245934,260,DSC00145.JPG
37.643974,114.8246781,259.87,DSC00146.JPG
37.6446716,114.8247649,260.3,DSC00147.JPG
37.6453699,114.8248496,259.85,DSC00148.JPG
37.6460698,114.8249367,259.78,DSC00149.JPG
37.6467684,114.8250239,260.65,DSC00150.JPG
37.6356285,114.8219872,260,DSC00151.JPG
37.6349274,114.8219384,259.88,DSC00152.JPG
37.6342253,114.8218903,259.92,DSC00153.JPG
37.6335242,114.8218369,260.1,DSC00154.JPG
37.6328215,114.8217863,260.24,DSC00155.JPG
37.632121,114.8217317,260.2,DSC00156.JPG
37.6314218,114.8216736,259.9,DSC00157.JPG
37.6307212,114.821621,260.06,DSC00158.JPG
37.6305818,114.8198869,260.14,DSC00159.JPG
37.6312841,114.8199392,260.04,DSC00160.JPG
37.6319833,114.8200078,259.71,DSC00161.JPG
37.6326842,114.8200655,259.94,DSC00162.JPG
37.6333859,114.8201121,260.55,DSC00163.JPG
37.6340854,114.8201728,260.05,DSC00164.JPG
37.6347857,114.8202276,260.19,DSC00165.JPG
37.6354854,114.8202749,259.84,DSC00166.JPG
37.6361878,114.8203327,259.92,DSC00167.JPG
37.6360927,114.8185956,260.06,DSC00168.JPG
37.6353912,114.818526,260.16,DSC00169.JPG
37.6346893,114.8184883,259.8,DSC00170.JPG
37.6339882,114.8184388,259.89,DSC00171.JPG
37.6332862,114.8183806,259.97,DSC00172.JPG
37.6325863,114.8183231,260.2,DSC00173.JPG
37.6318848,114.8182695,259.98,DSC00174.JPG
37.6311851,114.8182147,259.9,DSC00175.JPG
37.6420661,114.812793,260.5,DSC00176.JPG
37.6427684,114.8127859,259.65,DSC00177.JPG
37.6434691,114.8127692,259.58,DSC00178.JPG
37.6441707,114.8127605,260.01,DSC00179.JPG
37.6448717,114.8127523,260.26,DSC00180.JPG
37.645575,114.8127501,259.91,DSC00181.JPG
37.6462779,114.8127477,259.79,DSC00182.JPG
37.6469803,114.8127408,260.12,DSC00183.JPG
37.6468595,114.8110155,259.83,DSC00184.JPG
37.6461568,114.81101,259.84,DSC00185.JPG
37.6454534,114.811038,259.72,DSC00186.JPG
37.6447512,114.81105,260.01,DSC00187.JPG
37.6440501,114.8110551,260.12,DSC00188.JPG
37.6433479,114.8110618,260.19,DSC00189.JPG
37.6426448,114.8110649,259.76,DSC00190.JPG
37.6419431,114.8110734,260.24,DSC00191.JPG
37.6418895,114.8093356,260.03,DSC00192.JPG
37.6425906,114.8093416,260.09,DSC00193.JPG
37.6432929,114.8093663,260.3,DSC00194.JPG
37.6439947,114.8093654,260.1,DSC00195.JPG
37.6446961,114.8093571,260.09,DSC00196.JPG
37.6453998,114.8093549,259.96,DSC00197.JPG
37.6461027,114.8093482,259.81,DSC00198.JPG
37.6468058,114.8093461,260.25,DSC00199.JPG
37.6469059,114.8076129,259.88,DSC00200.JPG
37.6462021,114.8076095,260.22,DSC00201.JPG
37.6455004,114.8076362,260.1,DSC00202.JPG
37.6447973,114.8076526,259.71,DSC00203.JPG
37.6440935,114.8076585,259.85,DSC00204.JPG
37.6433896,114.8076699,260.11,DSC00205.JPG
37.642686,114.807675,260.3,DSC00206.JPG
37.641983,114.8076759,260.09,DSC00207.JPG
37.641282,114.8076897,259.83,DSC00208.JPG
37.6405809,114.8076948,260.29,DSC00209.JPG
37.6398769,114.8076998,260.04,DSC00210.JPG
37.6391743,114.8077035,259.68,DSC00211.JPG
37.6384727,114.8077105,259.91,DSC00212.JPG
37.63777,114.807712,260.2,DSC00213.JPG
37.63616,114.8056522,260.23,DSC00214.JPG
37.6368408,114.8058649,259.72,DSC00215.JPG
37.637527,114.806062,259.77,DSC00216.JPG
37.6382293,114.8060377,260.38,DSC00217.JPG
37.638932,114.8060025,260.04,DSC00218.JPG
37.6396348,114.8059955,260.13,DSC00219.JPG
37.640337,114.8059985,259.89,DSC00220.JPG
37.6410396,114.8059932,260.09,DSC00221.JPG
37.6417424,114.8059849,259.82,DSC00222.JPG
37.6424464,114.8059747,259.63,DSC00223.JPG
37.6431471,114.8059688,259.97,DSC00224.JPG
37.6438483,114.8059623,259.92,DSC00225.JPG
37.6445499,114.8059593,259.83,DSC00226.JPG
37.6452507,114.805954,260.15,DSC00227.JPG
37.6459519,114.8059512,260.3,DSC00228.JPG
37.646655,114.8059446,259.83,DSC00229.JPG
37.6473587,114.8059365,259.85,DSC00230.JPG
37.6469448,114.8042058,260.07,DSC00231.JPG
37.6462427,114.8042072,259.72,DSC00232.JPG
37.6455422,114.8042426,259.83,DSC00233.JPG
37.6448393,114.8042526,260.27,DSC00234.JPG
37.6441379,114.8042574,260.16,DSC00235.JPG
37.6434342,114.8042647,260.24,DSC00236.JPG
37.6427318,114.8042741,259.8,DSC00237.JPG
37.6420301,114.8042811,259.76,DSC00238.JPG
37.6413274,114.8042893,260.08,DSC00239.JPG
37.6406262,114.8042954,260.12,DSC00240.JPG
37.6399238,114.8043012,259.64,DSC00241.JPG
37.6392215,114.8043042,260.11,DSC00242.JPG
37.6385178,114.8043105,260.69,DSC00243.JPG
37.6378155,114.8043064,260.43,DSC00244.JPG
37.6376921,114.8025718,259.98,DSC00245.JPG
37.6383952,114.8025658,259.79,DSC00246.JPG
37.6390973,114.8025923,259.79,DSC00247.JPG
37.6397986,114.8025997,259.95,DSC00248.JPG
37.6405022,114.802591,260.05,DSC00249.JPG
37.6412045,114.8025829,259.96,DSC00250.JPG
37.6411203,114.8008577,259.83,DSC00251.JPG
37.6404166,114.8008597,259.8,DSC00252.JPG
37.6397155,114.8008861,260.01,DSC00253.JPG
37.6390142,114.8009023,259.87,DSC00254.JPG
37.6383104,114.8008996,260.46,DSC00255.JPG
37.6376087,114.8009046,260.65,DSC00256.JPG
37.6310049,114.7980605,259.45,DSC00257.JPG
37.6310513,114.7989436,259.85,DSC00258.JPG
37.6310741,114.7998286,260.04,DSC00259.JPG
37.631087,114.8007176,260.21,DSC00260.JPG
37.6311065,114.8016042,260.03,DSC00261.JPG
37.6311271,114.8024923,259.86,DSC00262.JPG
37.631147,114.803378,259.86,DSC00263.JPG
37.6311668,114.8042662,259.77,DSC00264.JPG
37.6298071,114.8038222,259.88,DSC00265.JPG
37.62979,114.8029359,260.28,DSC00266.JPG
37.6297839,114.8020487,259.99,DSC00267.JPG
37.6297637,114.8011608,260.19,DSC00268.JPG
37.6297425,114.8002731,260.13,DSC00269.JPG
37.6297181,114.7993876,259.93,DSC00270.JPG
37.6296995,114.7985011,259.96,DSC00271.JPG
37.6296778,114.7976134,260.05,DSC00272.JPG
37.6283227,114.7979777,259.98,DSC00273.JPG
37.6283321,114.7988642,259.85,DSC00274.JPG
37.6283526,114.7997486,259.94,DSC00275.JPG
37.628374,114.800633,259.96,DSC00276.JPG
37.6283924,114.8015185,260,DSC00277.JPG
37.6284124,114.8024067,260.14,DSC00278.JPG
37.6284321,114.8032945,260.09,DSC00279.JPG
37.62845,114.8041805,260.14,DSC00280.JPG
37.6270131,114.8022027,260.12,DSC00281.JPG
37.6270315,114.8013167,260.13,DSC00282.JPG
37.6270348,114.8004284,260.19,DSC00283.JPG
37.6270141,114.7995409,260.04,DSC00284.JPG
37.6269944,114.798654,259.85,DSC00285.JPG
37.6249852,114.8035502,260.23,DSC00286.JPG
37.6250108,114.8044376,260.03,DSC00287.JPG
37.6250187,114.8053267,259.93,DSC00288.JPG
37.6250103,114.8062122,259.86,DSC00289.JPG
37.6249992,114.8070974,259.84,DSC00290.JPG
37.6249896,114.8079851,259.98,DSC00291.JPG
37.6236174,114.8071171,259.99,DSC00292.JPG
37.6236261,114.8062293,259.81,DSC00293.JPG
37.623648,114.8053433,260.32,DSC00294.JPG
37.6236602,114.804456,260.04,DSC00295.JPG
37.6236623,114.8035692,260.12,DSC00296.JPG
37.6236668,114.8026813,260.16,DSC00297.JPG
37.6235002,114.8018188,260.36,DSC00298.JPG
37.6231489,114.801049,259.86,DSC00299.JPG
37.6227961,114.8002835,259.53,DSC00300.JPG
37.622623,114.7994228,260.07,DSC00301.JPG
37.622625,114.7985357,259.87,DSC00302.JPG
37.6229946,114.7859785,260.16,DSC00303.JPG
37.6222991,114.7861047,259.63,DSC00304.JPG
37.6216034,114.7862367,259.88,DSC00305.JPG
37.6209068,114.786352,260.07,DSC00306.JPG
37.6202084,114.786461,259.89,DSC00307.JPG
37.6195109,114.7865773,260.06,DSC00308.JPG
37.6188152,114.7866907,260.11,DSC00309.JPG
37.6181174,114.7868072,259.85,DSC00310.JPG
37.6174198,114.7869177,259.83,DSC00311.JPG
37.6167237,114.7870318,259.97,DSC00312.JPG
37.6160271,114.7871497,260.19,DSC00313.JPG
37.6153309,114.7872603,259.87,DSC00314.JPG
37.614635,114.7873735,260.15,DSC00315.JPG
37.6139394,114.7874842,260.17,DSC00316.JPG
37.6132427,114.7875977,260,DSC00317.JPG
37.6125452,114.7877145,259.83,DSC00318.JPG
37.6123276,114.7859947,260.23,DSC00319.JPG
37.6130237,114.7858925,260.21,DSC00320.JPG
37.6137209,114.7857992,260.08,DSC00321.JPG
37.6144187,114.7856977,259.95,DSC00322.JPG
37.6151143,114.7855792,260.09,DSC00323.JPG
37.6158097,114.7854638,260.16,DSC00324.JPG
37.6165075,114.7853547,260.18,DSC00325.JPG
37.6172024,114.7852372,259.79,DSC00326.JPG
37.6178979,114.785127,259.76,DSC00327.JPG
37.6185938,114.7850187,259.74,DSC00328.JPG
37.61929,114.7849004,259.88,DSC00329.JPG
37.6199865,114.7847893,260.1,DSC00330.JPG
37.6206825,114.7846741,260.01,DSC00331.JPG
37.6213806,114.7845623,259.9,DSC00332.JPG
37.6220787,114.784452,259.73,DSC00333.JPG
37.6227748,114.784336,260.02,DSC00334.JPG
37.6225894,114.7826307,260.19,DSC00335.JPG
37.6218929,114.7827309,259.73,DSC00336.JPG
37.6211991,114.7828647,259.81,DSC00337.JPG
37.6205016,114.782983,260.15,DSC00338.JPG
37.6198053,114.7830975,260.11,DSC00339.JPG
37.6191098,114.7832113,260.31,DSC00340.JPG
37.6184125,114.7833292,260.03,DSC00341.JPG
37.6177158,114.7834406,259.92,DSC00342.JPG
37.6170201,114.7835588,259.77,DSC00343.JPG
37.6163247,114.7836714,260.08,DSC00344.JPG
37.6156288,114.783786,260.11,DSC00345.JPG
37.614931,114.7838997,260.13,DSC00346.JPG
37.6142354,114.7840108,260.03,DSC00347.JPG
37.6135396,114.7841262,259.88,DSC00348.JPG
37.6128426,114.7842383,259.76,DSC00349.JPG
37.6121467,114.7843489,260.02,DSC00350.JPG
37.6119253,114.7826298,260.07,DSC00351.JPG
37.6126222,114.7825286,260.29,DSC00352.JPG
37.6133205,114.7824407,260.37,DSC00353.JPG
37.6140188,114.7823323,260.36,DSC00354.JPG
37.6147161,114.7822183,260.33,DSC00355.JPG
37.6154135,114.7821021,260.25,DSC00356.JPG
37.6161099,114.7819902,259.85,DSC00357.JPG
37.6168064,114.7818775,259.91,DSC00358.JPG
37.6175038,114.7817639,259.9,DSC00359.JPG
37.6182004,114.7816558,260.12,DSC00360.JPG
37.6188965,114.7815412,260.13,DSC00361.JPG
37.6195927,114.7814263,260.09,DSC00362.JPG
37.6202912,114.7813149,259.92,DSC00363.JPG
37.6209866,114.7811992,259.83,DSC00364.JPG
37.6216819,114.7810835,259.81,DSC00365.JPG
37.6223783,114.780972,260.21,DSC00366.JPG
37.6220414,114.7792808,260.08,DSC00367.JPG
37.6213434,114.779392,259.83,DSC00368.JPG
37.6206482,114.7795297,259.86,DSC00369.JPG
37.6199521,114.7796481,260.05,DSC00370.JPG
37.6192558,114.7797618,260.17,DSC00371.JPG
37.6185603,114.7798772,259.91,DSC00372.JPG
37.617865,114.7799943,259.83,DSC00373.JPG
37.6171667,114.7801078,260.12,DSC00374.JPG
37.6164699,114.7802227,260.01,DSC00375.JPG
37.6157732,114.7803371,259.88,DSC00376.JPG
37.6150769,114.780451,260.13,DSC00377.JPG
37.6143814,114.7805653,260.13,DSC00378.JPG
37.6141731,114.778836,260,DSC00379.JPG
37.6148697,114.7787347,260.03,DSC00380.JPG
37.6155702,114.7786472,260.35,DSC00381.JPG
37.6162671,114.7785402,260.48,DSC00382.JPG
37.6169632,114.7784271,260.31,DSC00383.JPG
37.6176609,114.7783116,260.03,DSC00384.JPG
37.6183576,114.7782008,259.95,DSC00385.JPG
37.6190546,114.7780887,260.18,DSC00386.JPG
37.6197495,114.7779724,260.21,DSC00387.JPG
37.6204448,114.7778612,260.22,DSC00388.JPG
37.6211413,114.7777473,259.99,DSC00389.JPG
37.6121352,114.7877771,260.99,DSC00390.JPG
37.6124172,114.7885905,259.89,DSC00391.JPG
37.612728,114.7893839,259.9,DSC00392.JPG
37.6130238,114.7901861,259.84,DSC00393.JPG
37.5990599,114.7871435,259.61,DSC00394.JPG
37.598358,114.7871663,260.16,DSC00395.JPG
37.5976564,114.7871866,260.14,DSC00396.JPG
37.596953,114.7872092,260.16,DSC00397.JPG
37.596252,114.787228,260.05,DSC00398.JPG
37.5955512,114.7872491,259.68,DSC00399.JPG
37.59485,114.7872719,260.1,DSC00400.JPG
37.5945953,114.7855421,260.06,DSC00401.JPG
37.5952967,114.7855268,260.33,DSC00402.JPG
37.5959974,114.785528,259.94,DSC00403.JPG
37.5966996,114.7855121,260,DSC00404.JPG
37.5974009,114.7854886,260.14,DSC00405.JPG
37.5981028,114.7854656,260.1,DSC00406.JPG
37.5988063,114.7854514,260.3,DSC00407.JPG
37.5995079,114.7854326,260.24,DSC00408.JPG
37.6002106,114.7854093,259.88,DSC00409.JPG
37.6009145,114.7853887,259.89,DSC00410.JPG
37.6016172,114.785366,260.25,DSC00411.JPG
37.6023183,114.7853434,260.07,DSC00412.JPG
37.603022,114.7853234,260.27,DSC00413.JPG
37.6031754,114.7835971,259.85,DSC00414.JPG
37.6024737,114.7836025,259.82,DSC00415.JPG
37.6017721,114.7836479,260.03,DSC00416.JPG
37.6010714,114.78368,260.2,DSC00417.JPG
37.6003689,114.7836976,259.82,DSC00418.JPG
37.5996666,114.7837209,259.96,DSC00419.JPG
37.5989639,114.7837425,260.04,DSC00420.JPG
37.598262,114.7837629,259.83,DSC00421.JPG
37.5975603,114.7837894,260.01,DSC00422.JPG
37.5968569,114.7838087,260.21,DSC00423.JPG
37.5961544,114.7838315,259.89,DSC00424.JPG
37.5954516,114.783853,259.86,DSC00425.JPG
37.5947487,114.7838752,260.32,DSC00426.JPG
37.5945077,114.7821532,260.08,DSC00427.JPG
37.595211,114.7821247,260.39,DSC00428.JPG
37.5959121,114.7821278,260.27,DSC00429.JPG
37.5966149,114.7821132,260.07,DSC00430.JPG
37.5973189,114.7820958,260.14,DSC00431.JPG
37.5980217,114.7820673,260.09,DSC00432.JPG
37.5987254,114.7820518,260.23,DSC00433.JPG
37.5994265,114.782029,260.3,DSC00434.JPG
37.6001278,114.782012,260.06,DSC00435.JPG
37.6008312,114.7819894,260.07,DSC00436.JPG
37.6015344,114.7819668,259.81,DSC00437.JPG
37.6022365,114.7819455,259.86,DSC00438.JPG
37.6029375,114.7819294,260.2,DSC00439.JPG
37.6030078,114.7802085,259.98,DSC00440.JPG
37.6023042,114.7802092,260.01,DSC00441.JPG
37.6016016,114.7802559,260.35,DSC00442.JPG
37.6008991,114.7802831,260.14,DSC00443.JPG
37.6001971,114.7803059,259.85,DSC00444.JPG
37.5994959,114.7803276,259.86,DSC00445.JPG
37.5987934,114.7803474,260.23,DSC00446.JPG
37.5980907,114.7803707,259.84,DSC00447.JPG
37.5973883,114.7803983,259.9,DSC00448.JPG
37.5966869,114.7804173,260.15,DSC00449.JPG
37.5959837,114.7804383,260.11,DSC00450.JPG
37.5952806,114.7804633,259.94,DSC00451.JPG
37.5945783,114.780483,259.83,DSC00452.JPG
37.5944178,114.7787528,260.19,DSC00453.JPG
37.595121,114.7787323,260.07,DSC00454.JPG
37.5958236,114.7787378,260.12,DSC00455.JPG
37.5965268,114.778722,260.24,DSC00456.JPG
37.5972278,114.7786992,260.45,DSC00457.JPG
37.5979307,114.7786716,260.43,DSC00458.JPG
37.5986336,114.7786558,260.2,DSC00459.JPG
37.6027859,114.7919493,259.96,DSC00460.JPG
37.6029284,114.7928153,259.98,DSC00461.JPG
37.6030663,114.7936857,260.37,DSC00462.JPG
37.6032049,114.7945566,260.06,DSC00463.JPG
37.6033443,114.7954249,260.12,DSC00464.JPG
37.6034823,114.7962927,259.87,DSC00465.JPG
37.6036216,114.7971638,259.83,DSC00466.JPG
37.6037638,114.7980334,259.79,DSC00467.JPG
37.6039001,114.7989033,259.92,DSC00468.JPG
37.6040373,114.7997708,260.28,DSC00469.JPG
37.6041761,114.8006411,260.11,DSC00470.JPG
37.6043142,114.8015085,259.98,DSC00471.JPG
37.6044562,114.8023777,260.03,DSC00472.JPG
37.6045947,114.8032483,259.75,DSC00473.JPG
37.6047329,114.8041193,259.84,DSC00474.JPG
37.6048708,114.8049891,260.2,DSC00475.JPG
37.6050111,114.8058564,260.18,DSC00476.JPG
37.6051503,114.806727,260.67,DSC00477.JPG
37.6052888,114.8075975,260.03,DSC00478.JPG
37.605427,114.8084663,260.15,DSC00479.JPG
37.605562,114.8093368,259.82,DSC00480.JPG
37.6041418,114.8092335,259.85,DSC00481.JPG
37.6040135,114.8083601,259.95,DSC00482.JPG
37.6038978,114.807486,260.26,DSC00483.JPG
37.6037595,114.8066178,259.97,DSC00484.JPG
37.6036177,114.8057493,260.25,DSC00485.JPG
37.6034756,114.8048812,260.13,DSC00486.JPG
37.6033412,114.8040097,260.19,DSC00487.JPG
37.6032024,114.8031394,259.89,DSC00488.JPG
37.6030651,114.8022706,259.95,DSC00489.JPG
37.6029263,114.8014035,260.11,DSC00490.JPG
37.6027824,114.800535,259.78,DSC00491.JPG
37.6026463,114.7996647,259.67,DSC00492.JPG
37.602506,114.7987955,259.83,DSC00493.JPG
37.6023664,114.7979261,260.1,DSC00494.JPG
37.6022274,114.7970554,259.82,DSC00495.JPG
37.6020902,114.7961842,260.08,DSC00496.JPG
37.60195,114.7953157,260.35,DSC00497.JPG
37.6018129,114.7944454,260.24,DSC00498.JPG
37.6016743,114.7935775,259.96,DSC00499.JPG
37.6015377,114.7927093,259.9,DSC00500.JPG
37.6013962,114.7918395,260.17,DSC00501.JPG
37.6012539,114.7909701,260.03,DSC00502.JPG
37.599968,114.7917376,260.04,DSC00503.JPG
37.6001085,114.7926061,259.8,DSC00504.JPG
37.6002589,114.7934737,260.07,DSC00505.JPG
37.6004052,114.7943407,260.18,DSC00506.JPG
37.6005477,114.7952108,260.1,DSC00507.JPG
37.6006894,114.7960797,259.96,DSC00508.JPG
37.6008283,114.7969502,259.82,DSC00509.JPG
37.6009714,114.7978194,259.81,DSC00510.JPG
37.6011104,114.7986879,259.88,DSC00511.JPG
37.6012524,114.7995574,260,DSC00512.JPG
37.6013921,114.8004267,260.08,DSC00513.JPG
37.6015311,114.8012972,260.12,DSC00514.JPG
37.601669,114.8021682,260.03,DSC00515.JPG
37.6018068,114.8030375,259.86,DSC00516.JPG
37.601946,114.8039046,260.01,DSC00517.JPG
37.602084,114.8047743,260.21,DSC00518.JPG
37.602224,114.8056414,259.98,DSC00519.JPG
37.602363,114.8065123,259.81,DSC00520.JPG
37.602501,114.8073818,259.76,DSC00521.JPG
37.6026385,114.8082513,259.87,DSC00522.JPG
37.6027781,114.809122,259.85,DSC00523.JPG
37.6013797,114.8091942,260.21,DSC00524.JPG
37.6012517,114.8083237,259.92,DSC00525.JPG
37.6011337,114.8074492,260.06,DSC00526.JPG
37.6009949,114.8065799,260.15,DSC00527.JPG
37.6008518,114.8057106,259.86,DSC00528.JPG
37.6007123,114.8048399,259.9,DSC00529.JPG
37.6005759,114.8039713,260.02,DSC00530.JPG
37.600435,114.8031034,260.08,DSC00531.JPG
37.6002979,114.8022325,259.86,DSC00532.JPG
37.6001559,114.8013627,259.88,DSC00533.JPG
37.6000156,114.8004941,260.22,DSC00534.JPG
37.5998838,114.7996217,260.03,DSC00535.JPG
37.5997406,114.798752,259.81,DSC00536.JPG
37.599605,114.7978831,260.08,DSC00537.JPG
37.5994628,114.7970154,260.25,DSC00538.JPG
37.5993268,114.7961462,259.92,DSC00539.JPG
37.5991892,114.7952764,259.91,DSC00540.JPG
37.5990482,114.794406,260.26,DSC00541.JPG
37.598913,114.7935372,259.94,DSC00542.JPG
37.5987722,114.7926691,259.92,DSC00543.JPG
37.5986368,114.7917993,260.11,DSC00544.JPG
37.5972353,114.7918421,259.96,DSC00545.JPG
37.5973714,114.792714,259.72,DSC00546.JPG
37.5975226,114.7935788,260.02,DSC00547.JPG
37.5976657,114.7944488,260.09,DSC00548.JPG
37.5978075,114.7953189,260.14,DSC00549.JPG
37.5979477,114.7961871,260.13,DSC00550.JPG
37.5980925,114.7970549,259.77,DSC00551.JPG
37.5982299,114.7979247,259.77,DSC00552.JPG
37.5983697,114.7987923,259.92,DSC00553.JPG
37.5985076,114.7996615,260.13,DSC00554.JPG
37.5986477,114.8005284,260.23,DSC00555.JPG
37.5987907,114.8013954,260.24,DSC00556.JPG
37.5989267,114.8022669,259.94,DSC00557.JPG
37.5990677,114.8031332,259.83,DSC00558.JPG
37.5992059,114.8040034,260.1,DSC00559.JPG
37.5993441,114.8048722,260.16,DSC00560.JPG
37.5994862,114.8057387,260.16,DSC00561.JPG
37.5996229,114.8066096,259.93,DSC00562.JPG
37.5997616,114.8074792,259.79,DSC00563.JPG
37.5998972,114.8083482,259.87,DSC00564.JPG
37.5998307,114.8092287,260.29,DSC00565.JPG
37.5995582,114.8100454,259.72,DSC00566.JPG
37.5953754,114.8080059,260.15,DSC00567.JPG
37.5956444,114.8071851,259.88,DSC00568.JPG
37.595894,114.8063559,259.81,DSC00569.JPG
37.5961265,114.8055178,260.03,DSC00570.JPG
37.5963585,114.8046818,260.21,DSC00571.JPG
37.5965952,114.8038457,260.16,DSC00572.JPG
37.5968295,114.8030102,259.89,DSC00573.JPG
37.5970653,114.8021746,260.03,DSC00574.JPG
37.5973023,114.8013383,260.21,DSC00575.JPG
37.5975356,114.8005029,259.97,DSC00576.JPG
37.5977705,114.7996667,259.87,DSC00577.JPG
37.5980051,114.7988298,260.17,DSC00578.JPG
37.5982407,114.7979969,259.99,DSC00579.JPG
37.5984745,114.797163,259.8,DSC00580.JPG
37.5987109,114.7963263,259.99,DSC00581.JPG
37.5989475,114.7954932,260.19,DSC00582.JPG
37.5975734,114.7951652,259.99,DSC00583.JPG
37.5973267,114.7959948,260.01,DSC00584.JPG
37.5971064,114.7968376,260.07,DSC00585.JPG
37.5968718,114.7976742,259.94,DSC00586.JPG
37.5966389,114.7985087,259.8,DSC00587.JPG
37.5964031,114.7993444,259.95,DSC00588.JPG
37.5961674,114.800178,260.17,DSC00589.JPG
37.5959308,114.8010146,260.21,DSC00590.JPG
37.5956925,114.8018505,260.02,DSC00591.JPG
37.5954572,114.8026867,259.89,DSC00592.JPG
37.595219,114.8035203,259.79,DSC00593.JPG
37.5949818,114.8043549,260.13,DSC00594.JPG
37.5947453,114.8051907,259.99,DSC00595.JPG
37.5945045,114.806024,260.12,DSC00596.JPG
37.5942713,114.8068603,259.93,DSC00597.JPG
37.5940313,114.8076928,259.95,DSC00598.JPG
37.592735,114.8072096,259.95,DSC00599.JPG
37.5929772,114.8063797,259.85,DSC00600.JPG
37.5932271,114.8055503,260.26,DSC00601.JPG
37.5934678,114.8047164,260.33,DSC00602.JPG
37.5937002,114.80388,260.24,DSC00603.JPG
37.593936,114.8030432,259.84,DSC00604.JPG
37.5941726,114.8022097,259.88,DSC00605.JPG
37.594412,114.8013784,260.06,DSC00606.JPG
37.5946475,114.8005454,260.21,DSC00607.JPG
37.594882,114.7997119,259.9,DSC00608.JPG
37.5951183,114.7988776,259.89,DSC00609.JPG
37.5953522,114.7980426,260.19,DSC00610.JPG
37.5955892,114.7972081,260.14,DSC00611.JPG
37.5958269,114.7963761,259.92,DSC00612.JPG
37.5960646,114.7955437,259.92,DSC00613.JPG
37.5962981,114.7947083,260.22,DSC00614.JPG
37.5950689,114.7938854,260.13,DSC00615.JPG
37.5948237,114.7947178,259.75,DSC00616.JPG
37.5946003,114.7955585,259.96,DSC00617.JPG
37.5943683,114.7963971,260.19,DSC00618.JPG
37.5941318,114.7972315,260.21,DSC00619.JPG
37.5938951,114.7980683,259.95,DSC00620.JPG
37.5936571,114.7989019,259.86,DSC00621.JPG
37.5934209,114.7997377,260.04,DSC00622.JPG
37.5931839,114.8005735,260.16,DSC00623.JPG
37.5929495,114.8014091,260.23,DSC00624.JPG
37.5927094,114.8022432,260.11,DSC00625.JPG
37.5924673,114.8030766,259.78,DSC00626.JPG
37.592235,114.8039136,259.82,DSC00627.JPG
37.5919916,114.8047471,260.03,DSC00628.JPG
37.5917527,114.8055785,260.04,DSC00629.JPG
37.5915155,114.806415,260.18,DSC00630.JPG
37.5912758,114.8072496,260.16,DSC00631.JPG
37.590107,114.8063099,260.07,DSC00632.JPG
37.5903502,114.8054775,260.23,DSC00633.JPG
37.5906031,114.8046527,260.17,DSC00634.JPG
37.5908436,114.8038184,260.12,DSC00635.JPG
37.591076,114.8029841,260.26,DSC00636.JPG
37.5913124,114.802148,259.9,DSC00637.JPG
37.5915493,114.8013128,259.91,DSC00638.JPG
37.5917897,114.8004813,260.19,DSC00639.JPG
37.5920288,114.7996461,260.08,DSC00640.JPG
37.5922643,114.7988118,259.78,DSC00641.JPG
37.592499,114.7979768,260.18,DSC00642.JPG
37.5927384,114.7971434,259.82,DSC00643.JPG
37.592974,114.7963105,259.96,DSC00644.JPG
37.5932066,114.7954743,260.06,DSC00645.JPG
37.593443,114.7946418,259.77,DSC00646.JPG
37.5936832,114.7938082,260.13,DSC00647.JPG
37.610444,114.7977277,260.31,DSC00648.JPG
37.6103658,114.7986087,259.89,DSC00649.JPG
37.6102728,114.7994863,260.2,DSC00650.JPG
37.6102064,114.8003685,260.35,DSC00651.JPG
37.6101415,114.8012515,260.25,DSC00652.JPG
37.6100884,114.802136,259.75,DSC00653.JPG
37.6100346,114.8030191,259.98,DSC00654.JPG
37.6113188,114.8103162,260.69,DSC00655.JPG
37.6112569,114.8111982,260.08,DSC00656.JPG
37.6111842,114.8120807,260.24,DSC00657.JPG
37.6111181,114.8129615,260.76,DSC00658.JPG
37.611059,114.8138441,261.03,DSC00659.JPG
37.6109994,114.8147285,260.05,DSC00660.JPG
37.6109372,114.8156131,259.63,DSC00661.JPG
37.610887,114.8164971,259.79,DSC00662.JPG
37.6108263,114.8173808,259.19,DSC00663.JPG
37.6107727,114.818267,259.61,DSC00664.JPG
37.6120758,114.8186815,260.75,DSC00665.JPG
37.6121629,114.8178029,259.98,DSC00666.JPG
37.612222,114.8169185,259.62,DSC00667.JPG
37.6122768,114.8160352,259.97,DSC00668.JPG
37.6123294,114.8151501,259.83,DSC00669.JPG
37.6123943,114.8142672,259.78,DSC00670.JPG
37.6124493,114.8133823,260.26,DSC00671.JPG
37.6125095,114.8124996,260.7,DSC00672.JPG
37.6125559,114.8116155,259.67,DSC00673.JPG
37.6126062,114.8107319,259.62,DSC00674.JPG
37.6126654,114.8098468,259.79,DSC00675.JPG
37.613997,114.8104513,259.92,DSC00676.JPG
37.6139266,114.8113332,260.14,DSC00677.JPG
37.6138583,114.8122167,260.42,DSC00678.JPG
37.6137949,114.8130982,260.35,DSC00679.JPG
37.6137323,114.8139816,260.45,DSC00680.JPG
37.6136799,114.8148658,259.96,DSC00681.JPG
37.6136259,114.8157483,259.64,DSC00682.JPG
37.6135671,114.8166309,260.31,DSC00683.JPG
37.6135075,114.8175131,260.12,DSC00684.JPG
37.6134561,114.8183976,259.9,DSC00685.JPG
37.6134031,114.819283,259.88,DSC00686.JPG
37.6147813,114.8190037,259.51,DSC00687.JPG
37.6148411,114.8181201,259.88,DSC00688.JPG
37.6148818,114.8172349,259.77,DSC00689.JPG
37.6149391,114.81635,259.73,DSC00690.JPG
37.6150086,114.8154683,260.07,DSC00691.JPG
37.6150643,114.8145859,260.04,DSC00692.JPG
37.6151238,114.8137032,260,DSC00693.JPG
37.6151871,114.8128198,260.2,DSC00694.JPG
37.6152456,114.8119357,260.15,DSC00695.JPG
37.6153043,114.8110513,259.77,DSC00696.JPG
37.6166539,114.8111987,259.71,DSC00697.JPG
37.6165925,114.8120806,260.23,DSC00698.JPG
37.6165176,114.8129649,260.1,DSC00699.JPG
37.6164537,114.8138477,259.5,DSC00700.JPG
37.6163987,114.8147304,259.71,DSC00701.JPG
37.6163454,114.8156171,259.4,DSC00702.JPG
37.6162868,114.8165017,259.81,DSC00703.JPG
37.6162261,114.8173856,259.92,DSC00704.JPG
37.6161664,114.8182683,260.24,DSC00705.JPG
37.6161097,114.8191509,260.14,DSC00706.JPG
37.6160327,114.8200319,259.59,DSC00707.JPG
37.6157488,114.820842,259.6,DSC00708.JPG
37.6154373,114.8216394,259.87,DSC00709.JPG
37.6151461,114.8224441,260.21,DSC00710.JPG
37.6148748,114.8232624,260.02,DSC00711.JPG
37.614595,114.8240773,260.57,DSC00712.JPG
37.6143136,114.824889,260.58,DSC00713.JPG
37.6140332,114.8257027,260.7,DSC00714.JPG
37.6137517,114.8265139,260.41,DSC00715.JPG
37.6134795,114.8273338,259.69,DSC00716.JPG
37.6132063,114.8281502,259.71,DSC00717.JPG
37.610773,114.83979,260.11,DSC00718.JPG
37.6100733,114.8397394,260.14,DSC00719.JPG
37.6093731,114.8396818,260.01,DSC00720.JPG
37.6086696,114.839647,259.95,DSC00721.JPG
37.6079673,114.839639,259.95,DSC00722.JPG
37.6072662,114.8396135,259.92,DSC00723.JPG
37.6065231,114.8413438,259.69,DSC00724.JPG
37.6072256,114.8413333,259.21,DSC00725.JPG
37.607928,114.8413512,259.58,DSC00726.JPG
37.6086301,114.8413798,260.43,DSC00727.JPG
37.6093312,114.8414064,260.19,DSC00728.JPG
37.6100332,114.8414323,260.88,DSC00729.JPG
37.6107352,114.8414527,260.02,DSC00730.JPG
37.610832,114.8432647,260.01,DSC00731.JPG
37.6101346,114.843159,260.54,DSC00732.JPG
37.6094337,114.8431141,260.41,DSC00733.JPG
37.6087307,114.8430884,260.23,DSC00734.JPG
37.6080283,114.8430609,259.94,DSC00735.JPG
37.6041963,114.8396109,259.79,DSC00736.JPG
37.6036435,114.8388783,259.99,DSC00737.JPG
37.6030952,114.8381399,259.84,DSC00738.JPG
37.6025315,114.8374175,260.18,DSC00739.JPG
37.6019779,114.8366861,260.05,DSC00740.JPG
37.6014214,114.8359573,260.14,DSC00741.JPG
37.6008703,114.8352237,259.62,DSC00742.JPG
37.6003039,114.8345052,259.96,DSC00743.JPG
37.599752,114.8337704,260.1,DSC00744.JPG
37.5991915,114.8330456,259.86,DSC00745.JPG
37.5986363,114.8323138,260.22,DSC00746.JPG
37.5980766,114.8315865,259.9,DSC00747.JPG
37.5955718,114.8216546,259.69,DSC00748.JPG
37.5955744,114.8206415,259.72,DSC00749.JPG
37.5955365,114.8196307,260.62,DSC00750.JPG
37.5955038,114.8186195,259.77,DSC00751.JPG
37.5954623,114.8176097,260.28,DSC00752.JPG
37.5954347,114.8165979,260.17,DSC00753.JPG
37.5954006,114.815586,259.25,DSC00754.JPG
37.6000326,114.8218449,259.44,DSC00755.JPG
